{"cameraMode":{"drawMode":0,"name":"Shaded","section":"Shading Mode"},"sceneLighting":false,"audioPlay":false,"sceneViewState":{"m_AlwaysRefresh":false,"showFog":true,"showSkybox":false,"showFlares":true,"showImageEffects":true,"showParticleSystems":true,"showVisualEffectGraphs":true,"m_FxEnabled":true},"in2DMode":false,"pivot":{"x":-0.7511054277420044,"y":-2.7965240478515627,"z":2.982179880142212},"rotation":{"x":0.03816279396414757,"y":-0.41668447852134707,"z":0.0175095833837986,"w":0.9080684185028076},"size":0.8660253882408142,"orthographic":false}