{"cameraMode":{"drawMode":0,"name":"Shaded","section":"Shading Mode"},"sceneLighting":false,"audioPlay":false,"sceneViewState":{"m_AlwaysRefresh":false,"showFog":true,"showSkybox":false,"showFlares":true,"showImageEffects":true,"showParticleSystems":true,"showVisualEffectGraphs":true,"m_FxEnabled":true},"in2DMode":false,"pivot":{"x":-2.0899999141693117,"y":-2.9100000858306886,"z":4.6056671142578129},"rotation":{"x":0.013496596366167069,"y":0.022790882736444474,"z":-0.0003100130707025528,"w":0.9996386766433716},"size":0.8660253882408142,"orthographic":false}