{"cameraMode":{"drawMode":0,"name":"Shaded","section":"Shading Mode"},"sceneLighting":false,"audioPlay":false,"sceneViewState":{"m_AlwaysRefresh":false,"showFog":true,"showSkybox":false,"showFlares":true,"showImageEffects":true,"showParticleSystems":true,"showVisualEffectGraphs":true,"m_FxEnabled":true},"in2DMode":false,"pivot":{"x":-0.5237425565719605,"y":-1.3093676567077637,"z":1.4374161958694459},"rotation":{"x":0.1006489023566246,"y":-0.22453226149082185,"z":0.02331906370818615,"w":0.9689633250236511},"size":0.8660253882408142,"orthographic":false}