{"cameraMode":{"drawMode":0,"name":"Shaded","section":"Shading Mode"},"sceneLighting":false,"audioPlay":false,"sceneViewState":{"m_AlwaysRefresh":false,"showFog":true,"showSkybox":false,"showFlares":true,"showImageEffects":true,"showParticleSystems":true,"showVisualEffectGraphs":true,"m_FxEnabled":true},"in2DMode":false,"pivot":{"x":1.6102827787399293,"y":-2.6192517280578615,"z":2.884884834289551},"rotation":{"x":0.05238731950521469,"y":-0.48572978377342226,"z":0.02917644754052162,"w":0.8720386624336243},"size":0.8660253882408142,"orthographic":false}